0,0.80912,-3.3945e-11,0,5.5468e-11,-2.4714e-10
-5.1212e-10,0.80912,2.1095e-06,-1.0242e-07,-0.00025756,0.0010303
-1.5792e-08,0.8091,6.0023e-05,-2.9535e-06,-0.0035342,0.014291
-1.4014e-07,0.80902,0.00040401,-2.1917e-05,-0.015244,0.062399
-6.8227e-07,0.80875,0.0015042,-8.6508e-05,-0.040755,0.16915
-2.257e-06,0.80814,0.0040421,-0.00022845,-0.0835,0.35208
-5.6557e-06,0.80702,0.0088253,-0.00045129,-0.14402,0.61846
-1.1498e-05,0.80521,0.016676,-0.00071709,-0.21974,0.96392
-2.0062e-05,0.80259,0.028317,-0.00099573,-0.30527,1.3731
-3.2058e-05,0.7991,0.04427,-0.0014035,-0.3931,1.8216
-5.1146e-05,0.79475,0.06478,-0.0024142,-0.47447,2.2793
-8.8624e-05,0.78966,0.089777,-0.0050814,-0.54042,2.7134
-0.00016994,0.78402,0.11886,-0.011181,-0.58274,3.0922
-0.00034181,0.77811,0.15134,-0.023194,-0.59485,3.388
-0.00067815,0.77224,0.18628,-0.044074,-0.57248,3.5803
-0.0012826,0.76678,0.22256,-0.076822,-0.51417,3.6571
-0.0022864,0.76207,0.25903,-0.12393,-0.42144,3.6163
-0.0038399,0.75845,0.29452,-0.18677,-0.29868,3.4659
-0.0060998,0.75618,0.32804,-0.26521,-0.15286,3.2231
-0.0092124,0.75544,0.35876,-0.35732,0.0071635,2.9122
-0.013297,0.75633,0.38615,-0.45951,0.17145,2.5628
-0.018429,0.75885,0.40999,-0.56704,0.32996,2.2061
-0.024638,0.76288,0.43035,-0.67466,0.47356,1.8718
-0.031899,0.76825,0.44758,-0.77751,0.59515,1.5848
-0.040146,0.7747,0.46226,-0.87194,0.69041,1.3619
-0.049286,0.78197,0.47506,-0.95609,0.75849,1.2099
-0.059218,0.78979,0.48668,-1.0302,0.80211,1.1243
-0.069851,0.79795,0.49772,-1.0965,0.8271,1.0909
-0.081126,0.80629,0.5086,-1.1585,0.84108,1.0889
-0.093018,0.81475,0.51953,-1.2198,0.85124,1.098
-0.10555,0.82332,0.53056,-1.2861,0.86444,1.1082
-0.11887,0.83217,0.5417,-1.3791,0.9164,1.12
-0.13346,0.842,0.55298,-1.5384,1.0736,1.1362
-0.15017,0.8542,0.56445,-1.8041,1.3966,1.1594
-0.1702,0.8706,0.5762,-2.2012,1.9169,1.1913
-0.19487,0.89317,0.58831,-2.7318,2.6273,1.232
-0.22539,0.92363,0.60086,-3.373,3.4829,1.2802
-0.26265,0.96307,0.61393,-4.0796,4.409,1.3332
-0.307,1.0117,0.62753,-4.7904,5.3135,1.3877
-0.35813,1.0689,0.64167,-5.4358,6.1005,1.4399
-0.41505,1.1331,0.65631,-5.9474,6.6841,1.4862
-0.47612,1.2017,0.67137,-6.2671,6.9997,1.5238
-0.53923,1.2721,0.68675,-6.355,7.013,1.5509
-0.60199,1.341,0.70235,-6.1963,6.7238,1.5668
-0.66199,1.4056,0.71805,-5.8043,6.1663,1.5721
-0.71712,1.4636,0.73376,-5.2206,5.4048,1.5685
-0.76578,1.5133,0.7494,-4.5114,4.525,1.5588
-0.80713,1.554,0.76493,-3.7588,3.6226,1.546
-0.84117,1.586,0.78032,-3.0497,2.7899,1.5333
-0.86872,1.6103,0.7956,-2.4614,2.1015,1.5236
-0.89127,1.6287,0.81081,-2.0479,1.6023,1.5187
-0.91065,1.643,0.82599,-1.8281,1.2997,1.5192
-0.92869,1.6552,0.84121,-1.7806,1.1626,1.5246
-0.94684,1.6666,0.8565,-1.8494,1.1304,1.5331
-0.96593,1.678,0.87188,-1.9685,1.137,1.5428
-0.98627,1.6894,0.88735,-2.099,1.1468,1.5524
-1.0079,1.7009,0.90292,-2.2332,1.1564,1.5594
-1.031,1.7125,0.91851,-2.3705,1.1649,1.5576
-1.0554,1.7242,0.93401,-2.5096,1.1715,1.5386
-1.0811,1.7359,0.94919,-2.649,1.1749,1.4922
-1.1083,1.7477,0.96373,-2.7865,1.174,1.4077
-1.1369,1.7594,0.97718,-2.92,1.1674,1.2747
-1.1667,1.771,0.98903,-3.0471,1.1541,1.0834
-1.1978,1.7824,0.99863,-3.1654,1.1331,0.82556
-1.2299,1.7936,1.0053,-3.2724,1.1035,0.49438
-1.2631,1.8045,1.0083,-3.366,1.0647,0.085149
-1.2972,1.8149,1.0067,-3.4448,1.0163,-0.40469
-1.332,1.8248,0.99989,-3.5078,0.95831,-0.97546
-1.3673,1.834,0.98695,-3.5549,0.89077,-1.6252
-1.403,1.8426,0.96714,-3.5868,0.81408,-2.3496
-1.4389,1.8503,0.93974,-3.6052,0.72885,-3.1422
-1.475,1.8571,0.9041,-3.6123,0.63593,-3.9948
-1.5111,1.863,0.85967,-3.6108,0.53636,-4.897
-1.5472,1.8678,0.80603,-3.6035,0.43136,-5.8371
-1.5832,1.8716,0.74285,-3.593,0.3223,-6.8017
-1.6191,1.8743,0.66996,-3.5816,0.21068,-7.7766
-1.6548,1.8758,0.58733,-3.5711,0.098077,-8.7467
-1.6905,1.8762,0.49509,-3.5628,-0.013862,-9.6964
-1.7261,1.8755,0.39353,-3.5573,-0.12347,-10.61
-1.7617,1.8738,0.28307,-3.5545,-0.2291,-11.471
-1.7972,1.871,0.16432,-3.5539,-0.32912,-12.265
-1.8327,1.8672,0.038036,-3.5542,-0.42199,-12.977
-1.8683,1.8626,-0.094905,-3.5535,-0.50624,-13.594
-1.9038,1.8571,-0.23347,-3.5492,-0.58056,-14.101
-1.9392,1.851,-0.37653,-3.5376,-0.64378,-14.489
-1.9745,1.8443,-0.52281,-3.5142,-0.69487,-14.746
-2.0094,1.8371,-0.671,-3.4724,-0.73303,-14.867
-2.0438,1.8297,-0.81967,-3.4029,-0.75765,-14.843
-2.0773,1.822,-0.96737,-3.2913,-0.76832,-14.672
-2.1093,1.8143,-1.1126,-3.1127,-0.76489,-14.351
-2.1389,1.8068,-1.2539,-2.8158,-0.74742,-13.879
-2.1643,1.7994,-1.3897,-2.2575,-0.71619,-13.261
-2.1779,1.7925,-1.5186,-0.46009,-0.67174,-12.499
-2.1812,1.7861,-1.6392,-0.20875,-0.61479,-11.6
-2.1916,1.7802,-1.7502,-1.8575,-0.54631,-10.573
-2.2141,1.7752,-1.8503,-2.6483,-0.46745,-9.4269
-2.2434,1.7709,-1.9384,-3.2116,-0.37954,-8.1748
-2.2778,1.7676,-2.0135,-3.666,-0.28409,-6.8297
-2.3164,1.7653,-2.0747,-4.0566,-0.1827,-5.4064
-2.3587,1.764,-2.1214,-4.4067,-0.077142,-3.9206
-2.4044,1.7637,-2.153,-4.7307,0.030778,-2.3891
-2.4532,1.7646,-2.1691,-5.0388,0.13918,-0.82897
-2.5051,1.7665,-2.1695,-5.3394,0.24617,0.74225
-2.56,1.7695,-2.1542,-5.6398,0.34986,2.3072
-2.618,1.7735,-2.1234,-5.9478,0.44843,3.8487
-2.6791,1.7784,-2.0774,-6.2721,0.54012,5.3503
-2.7435,1.7843,-2.0166,-6.6242,0.62329,6.7966
-2.8118,1.7909,-1.9417,-7.022,0.69647,8.1734
-2.8844,1.7981,-1.8534,-7.5003,0.75834,9.4678
-2.9626,1.806,-1.7527,-8.1488,0.8078,10.669
-3.0506,1.8143,-1.6404,-9.4465,0.844,11.768
-3.1443,1.8228,-1.5177,-9.2951,0.86633,12.759
-3.2306,1.8315,-1.3856,-7.9651,0.87445,13.636
-3.3083,1.8403,-1.2453,-7.5749,0.86832,14.399
-3.3831,1.8489,-1.098,-7.3796,0.84817,15.048
-3.4563,1.8572,-0.94472,-7.2701,0.81455,15.587
-3.5287,1.8651,-0.7866,-7.207,0.76824,16.021
-3.6006,1.8725,-0.62462,-7.1715,0.71032,16.359
-3.6722,1.8793,-0.45971,-7.1528,0.64207,16.61
-3.7437,1.8853,-0.29267,-7.144,0.56496,16.787
-3.8151,1.8906,-0.12417,-7.1407,0.48058,16.904
-3.8865,1.8949,0.045247,-7.1402,0.3906,16.972
-3.958,1.8984,0.21517,-7.1406,0.29663,17.008
-4.0294,1.9008,0.38533,-7.1411,0.20017,17.022
-4.1008,1.9024,0.55557,-7.1413,0.10248,17.025
-4.1722,1.9029,0.72582,-7.1413,0.0044041,17.025
-4.2436,1.9024,0.89607,-7.1413,-0.093696,17.025
-4.315,1.901,1.0663,-7.1413,-0.1918,17.025
-4.3864,1.8986,1.2366,-7.1413,-0.2899,17.025
-4.4578,1.8952,1.4068,-7.1413,-0.388,17.025
-4.5293,1.8908,1.5771,-7.1413,-0.4861,17.025
-4.6007,1.8855,1.7473,-7.1413,-0.5842,17.025
-4.6721,1.8792,1.9176,-7.1413,-0.6823,17.025
-4.7435,1.8718,2.0878,-7.1413,-0.7804,17.025
-4.8149,1.8636,2.2581,-7.1413,-0.8785,17.025
-4.8863,1.8543,2.4283,-7.1413,-0.9766,17.025
-4.9577,1.844,2.5986,-7.1413,-1.0747,17.025
-5.0291,1.8328,2.7689,-7.1413,-1.1728,17.025
-5.1006,1.8206,2.9391,-7.1413,-1.2709,17.025
-5.172,1.8074,3.1094,-7.1413,-1.369,17.025
-5.2434,1.7932,3.2796,-7.1413,-1.4671,17.025
-5.3148,1.778,3.4499,-7.1413,-1.5652,17.025
-5.3862,1.7619,3.6201,-7.1413,-1.6633,17.025
-5.4576,1.7448,3.7904,-7.1413,-1.7614,17.025
-5.529,1.7267,3.9606,-7.1413,-1.8595,17.025
-5.6004,1.7076,4.1309,-7.1413,-1.9576,17.025
-5.6719,1.6875,4.3011,-7.1413,-2.0557,17.025
-5.7433,1.6665,4.4714,-7.1413,-2.1538,17.025
-5.8147,1.6444,4.6416,-7.1413,-2.2519,17.025
-5.8861,1.6214,4.8119,-7.1413,-2.35,17.025
-5.9575,1.5974,4.9821,-7.1413,-2.4481,17.025
-6.0289,1.5725,5.1524,-7.1413,-2.5462,17.025
-6.1003,1.5465,5.3226,-7.1413,-2.6443,17.025
-6.1718,1.5196,5.4929,-7.1413,-2.7424,17.025
-6.2432,1.4917,5.6632,-7.1413,-2.8405,17.025
-6.3146,1.4628,5.8334,-7.1413,-2.9386,17.025
-6.386,1.4329,6.0037,-7.1413,-3.0367,17.025
-6.4574,1.402,6.1739,-7.1413,-3.1348,17.025
-6.5288,1.3702,6.3442,-7.1413,-3.2328,17.025
-6.6002,1.3374,6.5144,-7.1413,-3.3308,17.025
-6.6716,1.3036,6.6847,-7.1414,-3.4287,17.025
-6.7431,1.2688,6.8549,-7.1416,-3.5265,17.025
-6.8145,1.233,7.0252,-7.142,-3.6241,17.024
-6.8859,1.1963,7.1954,-7.1428,-3.7214,17.023
-6.9573,1.1586,7.3656,-7.1445,-3.8185,17.022
-7.0288,1.1199,7.5358,-7.1478,-3.9153,17.021
-7.1003,1.0803,7.706,-7.1566,-4.0117,17.019
-7.1716,1.0397,7.8762,-7.1087,-4.1076,17.017
-7.2424,0.99816,8.0464,-7.0466,-4.203,17.014
-7.3128,0.95565,8.2165,-7.0342,-4.2979,17.011
-7.3831,0.9122,8.3866,-7.0257,-4.392,17.007
-7.4534,0.86781,8.5566,-7.019,-4.4854,17.002
-7.5235,0.8225,8.7266,-7.0135,-4.5779,16.996
-7.5936,0.77626,8.8966,-7.009,-4.6696,16.99
-7.6637,0.72911,9.0664,-7.0054,-4.7602,16.982
-7.7337,0.68106,9.2362,-7.0031,-4.8497,16.974
-7.8038,0.63212,9.4059,-7.0021,-4.9381,16.964
-7.8738,0.5823,9.5755,-7.0029,-5.0252,16.953
-7.9438,0.53162,9.7449,-7.0059,-5.111,16.94
-8.0139,0.48008,9.9143,-7.012,-5.1953,16.926
-8.0841,0.42772,10.083,-7.0221,-5.2781,16.91
-8.1544,0.37453,10.252,-7.038,-5.3593,16.893
-8.2249,0.32054,10.421,-7.0627,-5.4388,16.874
-8.2957,0.26576,10.59,-7.1027,-5.5164,16.853
-8.3671,0.21021,10.758,-7.1759,-5.5921,16.831
-8.44,0.15392,10.927,-7.4076,-5.6659,16.806
-8.5143,0.096902,11.094,-7.4525,-5.7376,16.779
-8.5879,0.039177,11.262,-7.2597,-5.8071,16.75
-8.6601,-0.019232,11.429,-7.1708,-5.8744,16.718
-8.7315,-0.078303,11.596,-7.1112,-5.9393,16.685
-8.8024,-0.13801,11.763,-7.067,-6.0018,16.648
-8.8729,-0.19833,11.929,-7.0333,-6.0618,16.61
-8.9431,-0.25924,12.095,-7.008,-6.1191,16.568
-9.0131,-0.3207,12.261,-6.9903,-6.1738,16.524
-9.0829,-0.3827,12.426,-6.9799,-6.2258,16.477
-9.1527,-0.44521,12.59,-6.9771,-6.2749,16.427
-9.2225,-0.50819,12.754,-6.9828,-6.3211,16.374
-9.2924,-0.57162,12.918,-6.9982,-6.3643,16.318
-9.3625,-0.63547,13.081,-7.0253,-6.4045,16.259
-9.433,-0.6997,13.243,-7.0673,-6.4415,16.197
-9.504,-0.76429,13.405,-7.1291,-6.4754,16.132
-9.5757,-0.8292,13.566,-7.2194,-6.506,16.063
-9.6486,-0.8944,13.726,-7.3563,-6.5333,15.991
-9.7233,-0.95985,13.885,-7.587,-6.5572,15.915
-9.802,-1.0255,14.044,-8.1601,-6.5777,15.836
-9.8826,-1.0914,14.202,-7.9488,-6.5946,15.754
-9.9579,-1.1574,14.359,-7.1207,-6.6081,15.668
-10.028,-1.2235,14.515,-6.816,-6.618,15.578
-10.095,-1.2898,14.671,-6.6235,-6.6242,15.484
-10.16,-1.356,14.825,-6.4849,-6.6268,15.387
-10.225,-1.4223,14.979,-6.3805,-6.6256,15.286
-10.288,-1.4885,15.131,-6.3012,-6.6207,15.181
-10.351,-1.5547,15.282,-6.2424,-6.6121,15.072
-10.413,-1.6207,15.432,-6.2018,-6.5996,14.959
-10.475,-1.6867,15.581,-6.1785,-6.5833,14.843
-10.537,-1.7524,15.729,-6.1724,-6.5631,14.722
-10.598,-1.8179,15.876,-6.1842,-6.5391,14.598
-10.66,-1.8832,16.021,-6.2154,-6.5111,14.47
-10.723,-1.9481,16.165,-6.2686,-6.4793,14.337
-10.786,-2.0127,16.308,-6.3475,-6.4435,14.201
-10.85,-2.077,16.449,-6.4579,-6.4038,14.061
-10.915,-2.1408,16.589,-6.609,-6.3601,13.916
-10.982,-2.2042,16.727,-6.8161,-6.3126,13.768
-11.052,-2.267,16.864,-7.1084,-6.2611,13.615
-11.125,-2.3294,17,-7.5521,-6.2056,13.459
-11.205,-2.3911,17.134,-8.3684,-6.1463,13.299
-11.323,-2.4523,17.266,-15.16,-6.083,13.134
-11.502,-2.5128,17.396,-20.697,-6.0159,12.966
-11.704,-2.5726,17.525,-19.648,-5.9448,12.794
-11.897,-2.6317,17.652,-19.085,-5.8699,12.618
-12.086,-2.69,17.777,-18.697,-5.7912,12.437
-12.272,-2.7475,17.901,-18.406,-5.7087,12.254
-12.455,-2.8041,18.022,-18.177,-5.6224,12.066
-12.635,-2.8599,18.142,-17.995,-5.5324,11.874
-12.815,-2.9148,18.26,-17.849,-5.4387,11.679
-12.993,-2.9687,18.376,-17.734,-5.3413,11.48
-13.17,-3.0216,18.489,-17.645,-5.2403,11.277
-13.346,-3.0735,18.601,-17.581,-5.1357,11.071
-13.521,-3.1243,18.711,-17.541,-5.0276,10.861
-13.697,-3.174,18.818,-17.523,-4.916,10.647
-13.872,-3.2226,18.924,-17.528,-4.801,10.431
-14.047,-3.27,19.027,-17.555,-4.6826,10.21
-14.223,-3.3162,19.128,-17.607,-4.5609,9.9865
-14.4,-3.3612,19.227,-17.683,-4.4359,9.7595
-14.577,-3.405,19.323,-17.786,-4.3078,9.5293
-14.755,-3.4474,19.417,-17.918,-4.1765,9.296
-14.935,-3.4885,19.509,-18.082,-4.0422,9.0595
-15.117,-3.5282,19.598,-18.283,-3.9049,8.8201
-15.301,-3.5666,19.685,-18.525,-3.7647,8.5777
-15.488,-3.6035,19.77,-18.818,-3.6216,8.3325
-15.678,-3.639,19.852,-19.169,-3.4758,8.0845
-15.872,-3.673,19.932,-19.594,-3.3273,7.8338
-16.07,-3.7055,20.009,-20.114,-3.1762,7.5805
-16.275,-3.7365,20.083,-20.762,-3.0226,7.3247
-16.486,-3.766,20.155,-21.593,-2.8665,7.0665
-16.708,-3.7938,20.225,-22.713,-2.7081,6.8059
-16.943,-3.8201,20.291,-24.365,-2.5475,6.5431
-17.202,-3.8448,20.355,-27.383,-2.3846,6.2781
-17.679,-3.8678,20.417,-67.922,-2.2197,6.0111
-18.538,-3.8892,20.476,-104.04,-2.0528,5.7421
-19.561,-3.9089,20.532,-100.45,-1.8841,5.4713
-20.555,-3.9268,20.585,-98.44,-1.7135,5.1987
-21.533,-3.9431,20.636,-97.01,-1.5412,4.9245
-22.497,-3.9577,20.684,-95.884,-1.3674,4.6487
-23.451,-3.9705,20.729,-94.948,-1.192,4.3714
-24.397,-3.9815,20.771,-94.141,-1.0152,4.0929
-25.334,-3.9908,20.811,-93.427,-0.83719,3.8131
-26.266,-3.9982,20.847,-92.785,-0.65794,3.5321
-27.19,-4.0039,20.881,-92.199,-0.47759,3.2502
-28.11,-4.0078,20.912,-91.657,-0.29626,2.9674
-29.024,-4.0098,20.941,-91.151,-0.11405,2.6837
-29.933,-4.0101,20.966,-90.674,0.068934,2.3994
-30.837,-4.0085,20.989,-90.221,0.25259,2.1146
-31.737,-4.005,21.008,-89.788,0.43681,1.8292
-32.633,-3.9997,21.025,-89.372,0.62149,1.5436
-33.525,-3.9926,21.039,-88.968,0.80652,1.2577
-34.413,-3.9836,21.05,-88.575,0.99179,0.9717
-35.296,-3.9727,21.059,-88.189,1.1772,0.68571
-36.176,-3.96,21.064,-87.809,1.3626,0.39984
-37.053,-3.9455,21.067,-87.432,1.548,0.11421
-37.925,-3.9291,21.066,-87.057,1.7331,-0.17107
-38.794,-3.9108,21.063,-86.68,1.918,-0.45589
-39.659,-3.8907,21.057,-86.3,2.1025,-0.74012
-40.52,-3.8688,21.048,-85.915,2.2864,-1.0237
-41.377,-3.845,21.037,-85.523,2.4697,-1.3064
-42.23,-3.8194,21.022,-85.12,2.6524,-1.5882
-43.079,-3.792,21.005,-84.705,2.8341,-1.869
-43.924,-3.7627,20.985,-84.274,3.015,-2.1486
-44.765,-3.7317,20.962,-83.824,3.1948,-2.4269
-45.601,-3.6988,20.936,-83.35,3.3734,-2.7039
-46.432,-3.6642,20.908,-82.847,3.5508,-2.9793
-47.257,-3.6278,20.877,-82.31,3.7269,-3.2532
-48.078,-3.5897,20.843,-81.729,3.9015,-3.5254
-48.892,-3.5498,20.806,-81.093,4.0746,-3.7957
-49.699,-3.5082,20.767,-80.389,4.246,-4.0641
-50.499,-3.4649,20.725,-79.592,4.4156,-4.3305
-51.29,-3.4199,20.68,-78.67,4.5834,-4.5947
-52.071,-3.3732,20.633,-77.563,4.7493,-4.8567
-52.84,-3.3249,20.583,-76.16,4.9131,-5.1163
-53.592,-3.275,20.531,-74.199,5.0748,-5.3735
-54.316,-3.2234,20.476,-70.719,5.2342,-5.6281
-55.303,-3.1703,20.418,-126.67,5.3914,-5.8801
-56.871,-3.1156,20.358,-186.95,5.5461,-6.1293
-58.756,-3.0594,20.296,-189.96,5.6984,-6.3756
-60.664,-3.0016,20.231,-191.6,5.848,-6.619
-62.585,-2.9424,20.163,-192.7,5.995,-6.8593
-64.517,-2.8817,20.093,-193.52,6.1393,-7.0965
-66.455,-2.8196,20.021,-194.16,6.2807,-7.3305
-68.399,-2.7561,19.947,-194.67,6.4192,-7.5612
-70.348,-2.6913,19.87,-195.09,6.5547,-7.7885
-72.301,-2.625,19.791,-195.44,6.6872,-8.0122
-74.256,-2.5575,19.71,-195.73,6.8165,-8.2324
-76.215,-2.4887,19.626,-195.97,6.9427,-8.449
-78.176,-2.4187,19.541,-196.17,7.0655,-8.6618
-80.138,-2.3474,19.453,-196.33,7.185,-8.8708
-82.102,-2.275,19.363,-196.47,7.3011,-9.0759
-84.067,-2.2014,19.272,-196.57,7.4138,-9.2771
-86.033,-2.1267,19.178,-196.66,7.5229,-9.4742
-88,-2.051,19.082,-196.71,7.6284,-9.6672
-89.968,-1.9742,18.985,-196.75,7.7302,-9.8561
-91.935,-1.8964,18.885,-196.77,7.8284,-10.041
-93.903,-1.8176,18.784,-196.77,7.9228,-10.221
-95.87,-1.7379,18.681,-196.74,8.0134,-10.397
-97.838,-1.6574,18.576,-196.7,8.1001,-10.569
-99.804,-1.5759,18.469,-196.64,8.183,-10.736
-101.77,-1.4937,18.361,-196.56,8.2619,-10.898
-103.74,-1.4107,18.251,-196.45,8.3368,-11.056
-105.7,-1.327,18.14,-196.32,8.4078,-11.21
-107.66,-1.2426,18.027,-196.16,8.4746,-11.359
-109.62,-1.1575,17.913,-195.97,8.5374,-11.503
-111.58,-1.0718,17.797,-195.72,8.5961,-11.642
-113.54,-0.98561,17.68,-195.41,8.6506,-11.777
-115.49,-0.89885,17.562,-194.98,8.701,-11.906
-117.43,-0.8116,17.442,-194.3,8.7472,-12.031
-119.37,-0.72392,17.321,-192.24,8.7892,-12.151
-121.29,-0.63583,17.199,-191.44,8.827,-12.267
-123.21,-0.54739,17.076,-192.6,8.8605,-12.377
-125.13,-0.45864,16.951,-193.1,8.8898,-12.482
-127.07,-0.36961,16.826,-193.4,8.9148,-12.582
-129,-0.28035,16.7,-193.62,8.9356,-12.678
-130.94,-0.19091,16.573,-193.77,8.9521,-12.768
-132.88,-0.10133,16.444,-193.89,8.9643,-12.853
-134.82,-0.01164,16.316,-193.97,8.9722,-12.934
-136.76,0.078104,16.186,-194.03,8.9759,-13.009
-138.7,0.16786,16.055,-194.08,8.9754,-13.079
-140.64,0.2576,15.924,-194.11,8.9706,-13.145
-142.58,0.34726,15.792,-194.12,8.9615,-13.205
-144.52,0.43681,15.66,-194.12,8.9482,-13.26
-146.46,0.52621,15.527,-194.11,8.9308,-13.311
-148.4,0.61542,15.394,-194.09,8.9091,-13.356
-150.34,0.70438,15.26,-194.06,8.8833,-13.396
-152.28,0.79307,15.126,-194.02,8.8533,-13.431
-154.22,0.88143,14.992,-193.98,8.8193,-13.462
-156.16,0.96944,14.857,-193.92,8.7811,-13.487
-158.1,1.057,14.722,-193.84,8.7389,-13.508
-160.04,1.1442,14.587,-193.75,8.6927,-13.524
-161.98,1.2309,14.451,-193.63,8.6425,-13.534
-163.91,1.317,14.316,-193.44,8.5884,-13.54
-165.84,1.4026,14.181,-192.89,8.5303,-13.542
-167.77,1.4876,14.045,-192.63,8.4685,-13.538
-169.7,1.572,13.91,-192.89,8.4028,-13.53
-171.63,1.6557,13.775,-192.99,8.3333,-13.517
-173.56,1.7386,13.64,-193.04,8.2602,-13.5
-175.49,1.8209,13.505,-193.08,8.1833,-13.478
-177.42,1.9023,13.37,-193.1,8.1029,-13.451
-179.35,1.9829,13.236,-193.11,8.019,-13.42
-181.28,2.0627,13.102,-193.12,7.9315,-13.385
-183.21,2.1415,12.968,-193.12,7.8407,-13.345
-185.15,2.2195,12.835,-193.13,7.7465,-13.301
-187.08,2.2965,12.702,-193.13,7.6489,-13.253
-189.01,2.3724,12.57,-193.13,7.5482,-13.2
-190.94,2.4474,12.438,-193.13,7.4443,-13.143
-192.87,2.5213,12.307,-193.13,7.3373,-13.083
-194.8,2.5941,12.176,-193.13,7.2274,-13.018
-196.73,2.6659,12.046,-193.14,7.1144,-12.949
-198.66,2.7364,11.917,-193.15,6.9986,-12.877
-200.6,2.8058,11.789,-193.17,6.8801,-12.801
-202.53,2.874,11.661,-193.2,6.7588,-12.721
-204.46,2.941,11.535,-193.23,6.6349,-12.637
-206.39,3.0067,11.409,-193.29,6.5084,-12.55
-208.33,3.0711,11.284,-193.38,6.3795,-12.459
-210.26,3.1343,11.159,-193.54,6.2483,-12.365
-212.2,3.1961,11.036,-194.09,6.1147,-12.268
-214.14,3.2566,10.914,-194.3,5.979,-12.167
-216.08,3.3157,10.793,-193.96,5.8411,-12.064
-218.02,3.3734,10.673,-193.8,5.7012,-11.957
-219.96,3.4297,10.554,-193.69,5.5594,-11.847
-221.89,3.4846,10.436,-193.61,5.4158,-11.735
-223.83,3.538,10.319,-193.54,5.2704,-11.619
-225.77,3.59,10.204,-193.48,5.1233,-11.501
-227.7,3.6405,10.089,-193.44,4.9747,-11.381
-229.63,3.6895,9.9759,-193.4,4.8247,-11.258
-231.57,3.737,9.864,-193.37,4.6733,-11.132
-233.5,3.7829,9.7533,-193.35,4.5206,-11.004
-235.44,3.8274,9.6439,-193.34,4.3667,-10.874
-237.37,3.8703,9.5358,-193.33,4.2118,-10.742
-239.3,3.9116,9.4291,-193.32,4.0559,-10.608
-241.23,3.9514,9.3237,-193.33,3.8991,-10.472
-243.17,3.9896,9.2196,-193.34,3.7415,-10.334
-245.1,4.0262,9.117,-193.35,3.5833,-10.194
-247.04,4.0612,9.0158,-193.37,3.4245,-10.053
-248.97,4.0947,8.9159,-193.4,3.2652,-9.9097
-250.9,4.1265,8.8176,-193.44,3.1055,-9.7654
-252.84,4.1568,8.7206,-193.49,2.9455,-9.6197
-254.77,4.1854,8.6252,-193.55,2.7854,-9.4728
-256.71,4.2125,8.5312,-193.62,2.6251,-9.3248
-258.65,4.238,8.4387,-193.71,2.4649,-9.1757
-260.58,4.2618,8.3477,-193.81,2.3048,-9.0257
-262.52,4.284,8.2582,-193.94,2.1448,-8.8749
-264.46,4.3047,8.1702,-194.11,1.9852,-8.7233
-266.4,4.3238,8.0837,-194.33,1.826,-8.571
-268.35,4.3412,7.9988,-194.67,1.6672,-8.4183
-270.3,4.3571,7.9153,-195.36,1.5091,-8.2651
-272.25,4.3714,7.8335,-194.41,1.3516,-8.1115
-274.18,4.3841,7.7531,-192.68,1.1949,-7.9577
-276.11,4.3953,7.6743,-192.24,1.0391,-7.8037
-278.03,4.4049,7.597,-191.97,0.88419,-7.6496
-279.95,4.413,7.5213,-191.79,0.73034,-7.4956
-281.87,4.4195,7.4471,-191.64,0.57763,-7.3417
-283.78,4.4245,7.3745,-191.53,0.42614,-7.188
-285.7,4.4281,7.3034,-191.44,0.27594,-7.0347
-287.61,4.4301,7.2338,-191.36,0.12714,-6.8817
-289.52,4.4306,7.1657,-191.3,-0.020195,-6.7292
-291.44,4.4297,7.0992,-191.24,-0.16598,-6.5773
-293.35,4.4273,7.0342,-191.2,-0.31013,-6.426
-295.26,4.4235,6.9707,-191.16,-0.45257,-6.2754
-297.17,4.4182,6.9087,-191.12,-0.59323,-6.1257
-299.08,4.4116,6.8482,-191.1,-0.73203,-5.9769
-300.99,4.4036,6.7891,-191.07,-0.8689,-5.8291
-302.9,4.3942,6.7316,-191.06,-1.0038,-5.6823
-304.81,4.3835,6.6755,-191.04,-1.1366,-5.5367
-306.73,4.3715,6.6208,-191.03,-1.2672,-5.3922
-308.64,4.3582,6.5676,-191.02,-1.3957,-5.2491
-310.55,4.3436,6.5159,-191.01,-1.5219,-5.1073
-312.46,4.3278,6.4655,-191,-1.6457,-4.967
-314.37,4.3107,6.4165,-191,-1.7672,-4.8281
-316.28,4.2924,6.3689,-191,-1.8863,-4.6908
-318.19,4.273,6.3227,-191,-2.0028,-4.555
-320.1,4.2524,6.2778,-191,-2.1168,-4.421
-322.01,4.2307,6.2343,-191,-2.2282,-4.2887
-323.92,4.2078,6.192,-191,-2.337,-4.1582
-325.83,4.1839,6.1511,-191,-2.4431,-4.0295
-327.74,4.159,6.1114,-191,-2.5465,-3.9027
-329.65,4.133,6.073,-191,-2.6472,-3.7779
-331.56,4.106,6.0359,-191,-2.745,-3.6551
-333.47,4.0781,5.9999,-191,-2.84,-3.5342
-335.38,4.0493,5.9652,-191,-2.9322,-3.4155
-337.29,4.0195,5.9316,-190.99,-3.0215,-3.2988
-339.2,3.9888,5.8992,-190.99,-3.1078,-3.1844
-341.11,3.9573,5.8679,-190.98,-3.1913,-3.072
-343.01,3.925,5.8377,-190.98,-3.2718,-2.9619
-344.92,3.8919,5.8087,-190.96,-3.3493,-2.8541
-346.83,3.858,5.7807,-190.95,-3.4239,-2.7484
-348.74,3.8234,5.7537,-190.94,-3.4954,-2.6451
-350.65,3.7881,5.7277,-190.92,-3.564,-2.5441
-352.56,3.7522,5.7028,-190.9,-3.6296,-2.4454
-354.47,3.7156,5.6788,-190.87,-3.6922,-2.349
-356.38,3.6783,5.6558,-190.85,-3.7517,-2.255
-358.29,3.6405,5.6337,-190.82,-3.8083,-2.1633
-360.2,3.6022,5.6125,-190.78,-3.8619,-2.074
-362.1,3.5633,5.5922,-190.74,-3.9126,-1.9871
-364.01,3.5239,5.5728,-190.7,-3.9602,-1.9025
-365.92,3.4841,5.5542,-190.65,-4.0049,-1.8202
-367.82,3.4439,5.5364,-190.6,-4.0467,-1.7404
-369.73,3.4032,5.5194,-190.55,-4.0856,-1.6628
-371.63,3.3622,5.5031,-190.49,-4.1216,-1.5876
-373.54,3.3208,5.4876,-190.42,-4.1548,-1.5148
-375.44,3.2791,5.4728,-190.35,-4.1851,-1.4442
-377.35,3.2371,5.4587,-190.28,-4.2126,-1.3759
-379.25,3.1948,5.4453,-190.2,-4.2374,-1.3099
-381.15,3.1523,5.4325,-190.11,-4.2595,-1.2461
-383.05,3.1096,5.4203,-190.02,-4.2789,-1.1846
-384.95,3.0668,5.4088,-189.92,-4.2956,-1.1252
-386.85,3.0237,5.3978,-189.82,-4.3098,-1.068
-388.75,2.9806,5.3874,-189.71,-4.3214,-1.0129
-390.64,2.9373,5.3776,-189.6,-4.3306,-0.95982
-392.54,2.894,5.3682,-189.48,-4.3373,-0.90884
-394.43,2.8506,5.3594,-189.36,-4.3416,-0.85986
-396.33,2.8072,5.351,-189.23,-4.3436,-0.81284
-398.22,2.7637,5.3431,-189.1,-4.3433,-0.76773
-400.11,2.7203,5.3357,-188.96,-4.3408,-0.72448
-402,2.6769,5.3286,-188.82,-4.3362,-0.68306
-403.88,2.6336,5.322,-188.67,-4.3295,-0.6434
-405.77,2.5903,5.3158,-188.51,-4.3208,-0.60546
-407.65,2.5472,5.3099,-188.35,-4.3102,-0.56917
-409.54,2.5041,5.3044,-188.19,-4.2976,-0.5345
-411.42,2.4612,5.2992,-188.02,-4.2833,-0.50137
-413.3,2.4185,5.2943,-187.85,-4.2672,-0.46972
-415.18,2.3759,5.2898,-187.67,-4.2495,-0.43951
-417.05,2.3335,5.2855,-187.49,-4.2302,-0.41067
-418.93,2.2913,5.2816,-187.31,-4.2094,-0.38314
-420.8,2.2493,5.2779,-187.12,-4.1871,-0.35685
-422.67,2.2075,5.2744,-186.93,-4.1635,-0.33175
-424.54,2.166,5.2712,-186.73,-4.1385,-0.30777
-426.4,2.1248,5.2683,-186.53,-4.1124,-0.28484
-428.27,2.0838,5.2655,-186.33,-4.0851,-0.26291
-430.13,2.0431,5.263,-186.12,-4.0567,-0.24191
-431.99,2.0027,5.2607,-185.91,-4.0274,-0.22178
-433.85,1.9625,5.2586,-185.7,-3.9971,-0.20246
-435.7,1.9227,5.2566,-185.49,-3.966,-0.18387
-437.56,1.8832,5.2549,-185.28,-3.9341,-0.16597
-439.41,1.844,5.2533,-185.06,-3.9015,-0.1487
-441.26,1.8052,5.2519,-184.84,-3.8682,-0.13198
-443.11,1.7667,5.2507,-184.62,-3.8344,-0.11578
-444.95,1.7285,5.2496,-184.4,-3.8001,-0.10002
-446.79,1.6907,5.2487,-184.17,-3.7653,-0.084659
-448.63,1.6532,5.2479,-183.95,-3.7301,-0.069645
-450.47,1.6161,5.2473,-183.72,-3.6946,-0.054928
-452.31,1.5793,5.2468,-183.5,-3.6588,-0.040461
-454.14,1.5429,5.2465,-183.27,-3.6227,-0.026202
-455.97,1.5069,5.2463,-183.04,-3.5865,-0.01211
-457.8,1.4712,5.2462,-182.82,-3.5502,0.001851
-459.63,1.4359,5.2463,-182.59,-3.5137,0.015714
-461.45,1.4009,5.2465,-182.36,-3.4771,0.029507
-463.28,1.3663,5.2469,-182.13,-3.4405,0.043254
-465.1,1.3321,5.2474,-181.91,-3.4039,0.056976
-466.92,1.2982,5.2481,-181.68,-3.3672,0.070684
-468.73,1.2647,5.2488,-181.45,-3.3306,0.08439
-470.54,1.2316,5.2497,-181.23,-3.2939,0.098094
-472.36,1.1989,5.2508,-181,-3.2572,0.11179
-474.16,1.1665,5.252,-180.77,-3.2205,0.12548
-475.97,1.1345,5.2533,-180.55,-3.1835,0.13913
-477.78,1.1028,5.2548,-180.32,-3.1463,0.15273
-479.58,1.0715,5.2564,-180.1,-3.1086,0.16625
-481.38,1.0406,5.2581,-179.87,-3.0704,0.17966
-483.17,1.0101,5.2599,-179.65,-3.0314,0.19293
-484.97,0.98001,5.2619,-179.42,-2.9914,0.20603
-486.76,0.95031,5.2641,-179.2,-2.9504,0.21891
-488.55,0.92101,5.2663,-178.97,-2.908,0.23155
-490.34,0.89215,5.2687,-178.74,-2.8642,0.2439
-492.13,0.86373,5.2712,-178.51,-2.8187,0.25593
-493.91,0.83578,5.2738,-178.28,-2.7715,0.2676
-495.69,0.80831,5.2765,-178.04,-2.7223,0.27888
-497.47,0.78134,5.2794,-177.81,-2.671,0.28973
-499.25,0.7549,5.2823,-177.57,-2.6174,0.30013
-501.03,0.729,5.2854,-177.33,-2.5616,0.31004
-502.8,0.70368,5.2885,-177.09,-2.5033,0.31943
-504.57,0.67894,5.2918,-176.85,-2.4425,0.32829
-506.33,0.65483,5.2951,-176.6,-2.3792,0.33658
-508.1,0.63137,5.2985,-176.35,-2.3133,0.34429
-509.86,0.60858,5.302,-176.1,-2.2447,0.35139
-511.62,0.58648,5.3055,-175.85,-2.1735,0.35789
-513.38,0.56511,5.3091,-175.6,-2.0998,0.36376
-515.13,0.5445,5.3128,-175.34,-2.0234,0.36899
-516.89,0.52465,5.3165,-175.08,-1.9446,0.37359
-518.63,0.50561,5.3203,-174.82,-1.8633,0.37755
-520.38,0.48739,5.3241,-174.56,-1.7797,0.38087
-522.13,0.47003,5.3279,-174.3,-1.6939,0.38356
-523.87,0.45352,5.3317,-174.04,-1.6059,0.38562
-525.61,0.43791,5.3356,-173.78,-1.516,0.38707
-527.34,0.42321,5.3395,-173.52,-1.4243,0.38791
-529.08,0.40943,5.3434,-173.25,-1.331,0.38816
-530.81,0.39659,5.3472,-172.99,-1.2363,0.38785
-532.54,0.38471,5.3511,-172.73,-1.1403,0.38699
-534.26,0.37379,5.355,-172.47,-1.0432,0.3856
-535.99,0.36385,5.3588,-172.21,-0.94539,0.38371
-537.71,0.35489,5.3626,-171.95,-0.84695,0.38136
-539.43,0.34691,5.3664,-171.69,-0.74815,0.37856
-541.14,0.33992,5.3702,-171.43,-0.64923,0.37535
-542.85,0.33393,5.374,-171.18,-0.55043,0.37175
-544.56,0.32891,5.3777,-170.93,-0.452,0.36782
-546.27,0.32488,5.3813,-170.68,-0.35418,0.36357
-547.98,0.32183,5.3849,-170.43,-0.25722,0.35905
-549.68,0.31974,5.3885,-170.19,-0.16137,0.3543
-551.38,0.3186,5.392,-169.95,-0.066876,0.34934
-553.08,0.31839,5.3955,-169.71,0.026026,0.34423
-554.78,0.31911,5.3989,-169.48,0.1171,0.33899
-556.47,0.32073,5.4023,-169.26,0.20611,0.33367
-558.16,0.32322,5.4056,-169.03,0.29283,0.3283
-559.85,0.32658,5.4088,-168.81,0.37705,0.32293
-561.54,0.33076,5.412,-168.6,0.45856,0.31759
-563.22,0.33574,5.4152,-168.39,0.53716,0.31232
-564.91,0.34149,5.4183,-168.19,0.61266,0.30715
-566.59,0.34798,5.4213,-167.99,0.6849,0.30212
-568.27,0.35518,5.4243,-167.79,0.7537,0.29728
-569.94,0.36304,5.4273,-167.6,0.81892,0.29264
-571.62,0.37154,5.4302,-167.42,0.88043,0.28824
-573.29,0.38064,5.433,-167.24,0.93809,0.28412
-574.96,0.39029,5.4358,-167.07,0.99182,0.2803
-576.63,0.40046,5.4386,-166.9,1.0415,0.27682
-578.3,0.41111,5.4414,-166.74,1.0871,0.27369
-579.97,0.42219,5.4441,-166.59,1.1285,0.27095
-581.63,0.43366,5.4468,-166.44,1.1657,0.26861
-583.3,0.44549,5.4495,-166.29,1.1987,0.2667
-584.96,0.45762,5.4521,-166.15,1.2275,0.26523
-586.62,0.47002,5.4548,-166.02,1.252,0.26423
-588.28,0.48265,5.4574,-165.89,1.2723,0.2637
-589.94,0.49546,5.4601,-165.77,1.2884,0.26367
-591.59,0.5084,5.4627,-165.65,1.3005,0.26413
-593.25,0.52145,5.4653,-165.53,1.3085,0.2651
-594.9,0.53456,5.468,-165.43,1.3126,0.26659
-596.56,0.54769,5.4707,-165.32,1.3129,0.2686
-598.21,0.56081,5.4734,-165.22,1.3094,0.27113
-599.86,0.57387,5.4761,-165.13,1.3024,0.27417
-601.51,0.58684,5.4789,-165.03,1.2919,0.27774
-603.16,0.5997,5.4817,-164.95,1.2782,0.28182
-604.81,0.6124,5.4845,-164.86,1.2614,0.28641
-606.46,0.62492,5.4874,-164.78,1.2417,0.2915
-608.11,0.63722,5.4903,-164.71,1.2193,0.29708
-609.75,0.64929,5.4933,-164.63,1.1943,0.30314
-611.4,0.6611,5.4964,-164.56,1.1671,0.30966
-613.05,0.67263,5.4995,-164.49,1.1377,0.31663
-614.69,0.68385,5.5027,-164.43,1.1065,0.32403
-616.33,0.69475,5.506,-164.36,1.0737,0.33185
-617.98,0.70532,5.5094,-164.3,1.0394,0.34007
-619.62,0.71554,5.5128,-164.24,1.004,0.34866
-621.26,0.72539,5.5163,-164.18,0.9677,0.35761
-622.9,0.73489,5.52,-164.12,0.93067,0.36689
-624.54,0.74401,5.5237,-164.06,0.89318,0.37648
-626.18,0.75275,5.5275,-164,0.85547,0.38635
-627.82,0.76112,5.5314,-163.95,0.81775,0.39649
-629.46,0.76911,5.5354,-163.89,0.78026,0.40687
-631.1,0.77672,5.5396,-163.83,0.74321,0.41747
-632.74,0.78397,5.5438,-163.78,0.7068,0.42826
-634.38,0.79086,5.5481,-163.72,0.67124,0.43921
-636.02,0.7974,5.5526,-163.66,0.63672,0.45031
-637.65,0.8036,5.5571,-163.61,0.60341,0.46152
-639.29,0.80947,5.5618,-163.55,0.57148,0.47284
-640.92,0.81503,5.5666,-163.49,0.54109,0.48423
-642.56,0.8203,5.5715,-163.43,0.51237,0.49567
-644.19,0.82529,5.5765,-163.37,0.48545,0.50715
-645.82,0.83002,5.5816,-163.31,0.46043,0.51865
-647.46,0.8345,5.5869,-163.24,0.4374,0.53014
-649.09,0.83877,5.5922,-163.18,0.41645,0.54161
-650.72,0.84284,5.5977,-163.11,0.39762,0.55305
-652.35,0.84673,5.6033,-163.05,0.38096,0.56445
-653.98,0.85047,5.609,-162.98,0.36648,0.57578
-655.61,0.85407,5.6148,-162.91,0.35418,0.58704
-657.24,0.85756,5.6207,-162.84,0.34405,0.59823
-658.87,0.86096,5.6268,-162.77,0.33606,0.60933
-660.5,0.86428,5.6329,-162.7,0.33015,0.62035
-662.12,0.86757,5.6392,-162.63,0.32625,0.63127
-663.75,0.87082,5.6455,-162.56,0.32428,0.64209
-665.37,0.87406,5.652,-162.49,0.32413,0.65282
-667,0.8773,5.6586,-162.41,0.3257,0.66346
-668.62,0.88058,5.6653,-162.34,0.32885,0.67401
-670.24,0.88389,5.6721,-162.27,0.33344,0.68448
-671.87,0.88725,5.679,-162.2,0.33934,0.69487
-673.49,0.89068,5.686,-162.13,0.34639,0.70518
-675.11,0.89418,5.6931,-162.05,0.35443,0.71544
-676.73,0.89777,5.7003,-161.98,0.3633,0.72564
-678.35,0.90145,5.7076,-161.91,0.37286,0.73579
-679.97,0.90523,5.715,-161.84,0.38294,0.74591
-681.59,0.90911,5.7225,-161.77,0.39342,0.756
-683.2,0.9131,5.7301,-161.71,0.40416,0.76607
-684.82,0.91719,5.7378,-161.64,0.41506,0.77613
-686.44,0.9214,5.7456,-161.57,0.42604,0.78618
-688.05,0.92571,5.7536,-161.51,0.43704,0.79624
-689.67,0.93014,5.7616,-161.45,0.44751,0.80733
-691.28,0.93464,5.7697,-161.39,0.45162,0.83066
-692.89,0.93911,5.7783,-161.34,0.4376,0.88853
-694.51,0.94329,5.7877,-161.31,0.393,1.0037
-696.12,0.94684,5.7986,-161.31,0.30861,1.1921
-697.73,0.94932,5.8118,-161.32,0.18048,1.4583
-699.35,0.95031,5.828,-161.36,0.010688,1.7951
-700.96,0.94942,5.8479,-161.41,-0.19297,2.1839
-702.57,0.94638,5.8718,-161.46,-0.41808,2.5973
-704.19,0.94104,5.8998,-161.52,-0.64909,3.0027
-705.81,0.93343,5.9317,-161.56,-0.86912,3.3654
-707.42,0.92375,5.9669,-161.6,-1.0617,3.653
-709.04,0.91233,6.0044,-161.61,-1.2126,3.8384
-710.65,0.89967,6.0432,-161.61,-1.311,3.9026
-712.27,0.88631,6.082,-161.6,-1.3504,3.8367
-713.89,0.87286,6.1195,-161.58,-1.3297,3.6426
-715.5,0.85991,6.1545,-161.56,-1.2527,3.3333
-717.12,0.84797,6.1859,-161.53,-1.1279,2.9312
-718.73,0.83747,6.2129,-161.51,-0.96778,2.4665
-720.35,0.82868,6.2351,-161.49,-0.78729,1.9741
-721.96,0.82174,6.2524,-161.48,-0.6024,1.4898
-723.58,0.8166,6.2651,-161.48,-0.42835,1.0469
-725.19,0.81309,6.2736,-161.47,-0.27789,0.67231
-726.81,0.81093,6.2788,-161.47,-0.15973,0.38302
-728.42,0.80977,6.2815,-161.47,-0.077386,0.18413
-730.04,0.80927,6.2827,-161.47,-0.028761,0.067964
-731.65,0.80911,6.2831,-161.47,-0.0066309,0.015574
-733.26,0.80908,6.2832,-161.47,-0.00048087,0.0011233
-734.88,0.80908,6.2832,-161.47,-4.1395e-10,8.7957e-10
